keywords,scores
人工智能,0.2565057579488209
公司,0.2311223756518022
技术,0.2137547982906841
智能,0.17901964356844793
科技,0.17634770858981438
ai,0.1696678711432305
研究,0.15630819625006276
机器人,0.15497222876074598
5g,0.15497222876074598
合作,0.14962835880347888
提供,0.14962835880347888
发展,0.12157304152782658
医疗,0.12157304152782658
系统,0.1202370740385098
数据,0.11622917157055948
全球,0.11355723659192593
平台,0.10821336663465883
研发,0.10821336663465883
学习,0.10821336663465883
服务,0.10687739914534206
